"Participant","uppercase.value","maps.to.sex.concept","updated.mapping","in.field","with.label.type","in.language","with.n..Occurrences...","notes","Before.Good","Total.Before","JLC.working"
"Moe Flannery","0","blank","not specified","organismQuantity, organismQuantityType","","",1,"0","",0,"UNSPECIFIED"
"Andrew Engilis","1","blank","not specified","organismQuantity, organismQuantityType","","",3,"1","",0,"UNSPECIFIED"
"Paul Robert Sweet","2","UNKNOWN","not specified","sex","hidden","EN",2,"2","",0,"UNSPECIFIED"
"Emily Braker","3","blank","not specified","organismQuantity, organismQuantityType","","",174,"3","",0,"UNSPECIFIED"
"Emily Braker","5","blank","not specified","organismQuantity, organismQuantityType","","",1,"5","",0,"UNSPECIFIED"
"Moe Flannery","7","blank","not specified","organismQuantity, organismQuantityType","","EN",1,"7","",0,"UNSPECIFIED"
"Mark B Robbins","32.5","blank","not specified","sex, dynamicProperties","hidden","EN",1,"32.5","",0,"UNSPECIFIED"
"Mark B Robbins","_","blank","not specified","sex","hidden","",2,"_","",0,"UNSPECIFIED"
"Serina Brady","-","UNKNOWN","not specified","sex","hidden","EN",243,"-","",0,"UNSPECIFIED"
"René Corado","--","UNKNOWN","not specified","sex","hidden","EN",2747,"--","",0,"UNSPECIFIED"
"Carla Cicero","?","UNKNOWN","not specified","sex","hidden","EN",15762,"?","",0,"INDETERMINATE"
"Elizabeth Wommack","? *","UNKNOWN","not specified","sex","hidden","EN",1,"? *","",0,"INDETERMINATE"
"Jessica Tir","? JOV.","UNKNOWN","not specified","lifeStage, dynamicProperties","hidden","ES",3,"? JOV.","",0,"INDETERMINATE"
"Rachel Alsheikh","?*","UNKNOWN","not specified","sex","hidden","EN",4,"?*","",0,"INDETERMINATE"
"Erica Krimmel","?MALE","MALE","","sex, dynamicProperties","hidden","EN",2,"?MALE","",0,"INDETERMINATE"
"Mike Andersen ","¿HEMBRA?","FEMALE","","sex, dynamicProperties","hidden","ES",3,"¿HEMBRA?","",0,"INDETERMINATE"
"Jean Woods","¿MACHO?","MALE","","sex, dynamicProperties","hidden","ES",1,"¿MACHO?","",0,"INDETERMINATE"
"Mimi Damwyk","""FEMALE""","FEMALE","female","sex","hidden","EN",1,"""FEMALE""","",0,"FEMALE"
"Irene Engilis","""FEMELLE : ? (ORIG. : """"MÂLE"""")""","FEMALE","","sex, dynamicProperties","hidden","FR",1,"""FEMELLE : ? (ORIG. : """"MÂLE"""")""","",0,"INDETERMINATE"
"Irene Engilis","""FEMELLE : """"OVAIRES GRANULEUX""""""","FEMALE","","sex, dynamicProperties","hidden","FR",1,"""FEMELLE : """"OVAIRES GRANULEUX""""""","",0,"FEMALE"
"Kelly Cassidy","""M""","Male","","sex, dynamicProperties","hidden","EN",1,"""M""","",0,"MALE"
"Elizabeth Wommack","(F)","FEMALE","","sex","hidden","EN",2,"(F)","",0,"FEMALE"
"Brett Benz","(M) SEE NOTE","MALE","","sex, dynamicProperties","hidden","EN",1,"(M) SEE NOTE","",0,"MALE"
"Christopher C Witt","(M)?","MALE","","sex, dynamicProperties","hidden","EN",1,"(M)?","",0,"INDETERMINATE"
"Tom Trombone","(UNSEXED)","UNKNOWN","","sex","hidden","EN",1,"(UNSEXED)","",0,"UNKNOWN"
"Brett Benz","[F?]","FEMALE","","sex, dynamicProperties","hidden","EN",1,"[F?]","",0,"INDETERMINATE"
"Elizabeth Wommack","[F]","FEMALE","female","sex","hidden","EN",454,"[F]","",0,"FEMALE"
"Rachel Alsheikh","[FEMALE?]","FEMALE","","sex, dynamicProperties","hidden","EN",91,"[FEMALE?]","",0,"INDETERMINATE"
"Mimi Damwyk","[FEMALE]","FEMALE","female","sex","hidden","EN",1697,"[FEMALE]","",0,"FEMALE"
"Moe Flannery","[M]","MALE","","sex","hidden","EN",767,"[M]","",0,"MALE"
"Jeremiah Trimble","[MACHO]","MALE","","sex, dynamicProperties","hidden","ES",1,"[MACHO]","",0,"MALE"
"Lesley Kennes","[MALE?]","MALE","","sex, dynamicProperties","hidden","EN",88,"[MALE?]","",0,"INDETERMINATE"
"Chris Milensky","[MALE]","MALE","","sex","hidden","EN",2608,"[MALE]","",0,"MALE"
"Kimball Garrett","[MALE], [FEMALE]","MALE | FEMALE","mixed","sex, dynamicProperties","hidden","EN",2,"[MALE], [FEMALE]","",0,"MIXED"
"Emily Braker","*","blank","not specified","sex","","",19,"*","",0,"UNSPECIFIED"
"Mike Andersen ","/","blank","not specified","","","",1,"/","",0,"UNSPECIFIED"
"John Bates","0,","UNKNOWN","","sex","hidden","EN",1,"0,","",0,"UNSPECIFIED"
"Emily Braker","1 HEMBRA, 3 INDETERMINADOS","FEMALE | UNKNOWN","female","sex, organismQuantity","hidden","ES",1,"1 HEMBRA, 3 INDETERMINADOS","",0,"MIXED"
"Jean Woods","1 MALE | 1 FEMALE","MALE | FEMALE","mixed","sex, dynamicProperties","hidden","EN",52,"1 MALE | 1 FEMALE","",0,"MIXED"
"Peter Hosner","1 MALE | 2 FEMALE","UNKNOWN","","sex","hidden","EN",6,"1 MALE | 2 FEMALE","",0,"MIXED"
"Irene Engilis","1 MALE | 3 FEMALE","MALE | FEMALE","mixed","sex, organismQuantity","hidden","EN",1,"1 MALE | 3 FEMALE","",0,"MIXED"
"Erica Krimmel","1 MALE | 5 FEMALE","MALE | FEMALE","mixed","sex, dynamicProperties","hidden","EN",1,"1 MALE | 5 FEMALE","",0,"MIXED"
"Lesley Kennes","1 MALE, 1 FEMALE","MALE | FEMALE","mixed","sex","hidden","EN",1,"1 MALE, 1 FEMALE","",0,"MIXED"
"Tom Trombone","1 MALE; 1 FEMALE","MALE | FEMALE","mixed","sex, organismQuantity","hidden","EN",2,"1 MALE; 1 FEMALE","",0,"MIXED"
"Erick Alejandro García-Trejo","10 UNDETERMINED","UNKNOWN","","sex, organismQuantity","hidden","EN",37,"10 UNDETERMINED","",0,"UNKNOWN"
"Brian Schmidt","11 UNDETERMINED","UNKNOWN","","sex, dynamicProperties","hidden","EN",22,"11 UNDETERMINED","",0,"UNKNOWN"
"Elizabeth Wommack","12 UNDETERMINED","UNKNOWN","","sex, dynamicProperties","hidden","EN",20,"12 UNDETERMINED","",0,"UNKNOWN"
"Paul Robert Sweet","13 UNDETERMINED","UNKNOWN","","sex","hidden","EN",16,"13 UNDETERMINED","",0,"UNKNOWN"
"Molly Hagemann","14 UNDETERMINED","UNKNOWN","","sex, dynamicProperties","hidden","EN",6,"14 UNDETERMINED","",0,"UNKNOWN"
"Town Peterson","15 UNDETERMINED","UNKNOWN","","sex, organismQuantity","hidden","EN",8,"15 UNDETERMINED","",0,"UNKNOWN"
"Tamaki Yuri","16 UNDETERMINED","UNKNOWN","","sex, organismQuantity","hidden","EN",7,"16 UNDETERMINED","",0,"UNKNOWN"
"Jean Woods","17 UNDETERMINED","UNKNOWN","","sex, dynamicProperties","hidden","EN",2,"17 UNDETERMINED","",0,"UNKNOWN"
"Jeremiah Trimble","18 UNDETERMINED","UNKNOWN","","sex, dynamicProperties","hidden","EN",2,"18 UNDETERMINED","",0,"UNKNOWN"
"Erick Alejandro García-Trejo","19 UNDETERMINED","UNKNOWN","","sex, organismQuantity","hidden","EN",1,"19 UNDETERMINED","",0,"UNKNOWN"
"Kelly Cassidy","1ÈRE ANNÉE","UNKNOWN","","lifeStage","hidden","FR",1,"1ÈRE ANNÉE","",0,"UNSPECIFIED"
"John Bates","2 FEMALE","FEMALE","female","sex, dynamicProperties","hidden","EN",2,"2 FEMALE","",0,"MIXED"
"Jessica Tir","2 HEMBRAS","FEMALE","female","organismQuantity, organismQuantityType","hidden","ES",1,"2 HEMBRAS","",0,"UNSPECIFIED"
"Angela Hornsby","2 INDETERMINADOS, 1 HEMBRA","UNKNOWN | FEMALE","female","sex","hidden","ES",1,"2 INDETERMINADOS, 1 HEMBRA","",0,"MIXED"
"Mike Andersen ","2 MALE | 1 FEMALE","MALE | FEMALE","mixed","sex, dynamicProperties","hidden","EN",9,"2 MALE | 1 FEMALE","",0,"MIXED"
"Ildiko Szabo","2 MALE | 2 FEMALE","MALE | FEMALE","mixed","sex, dynamicProperties","hidden","EN",3,"2 MALE | 2 FEMALE","",0,"MIXED"
"Irene Engilis","2 MALE | 3 FEMALE","MALE | FEMALE","mixed","sex, organismQuantity","hidden","EN",3,"2 MALE | 3 FEMALE","",0,"MIXED"
"Brett Benz","2 UNDETERMINED","UNKNOWN","","sex, dynamicProperties","hidden","EN",1160,"2 UNDETERMINED","",0,"UNKNOWN"
"Jeremiah Trimble","20 UNDETERMINED","UNKNOWN","","sex, dynamicProperties","hidden","EN",5,"20 UNDETERMINED","",0,"UNKNOWN"
"Emily Braker","21 UNDETERMINED","UNKNOWN","","sex, organismQuantity","hidden","EN",2,"21 UNDETERMINED","",0,"UNKNOWN"
"Jessica Tir","26 UNDETERMINED","UNKNOWN","","organismQuantity, organismQuantityType","hidden","EN",1,"26 UNDETERMINED","",0,"UNKNOWN"
"Serina Brady","27 UNDETERMINED","UNKNOWN","","sex, dynamicProperties","hidden","EN",1,"27 UNDETERMINED","",0,"UNKNOWN"
"Laura Abraczinskas","3 MALE | 1 FEMALE","MALE | FEMALE","mixed","sex, dynamicProperties","hidden","EN",1,"3 MALE | 1 FEMALE","",0,"MIXED"
"Tamaki Yuri","3 MALE | 3 FEMALE","MALE | FEMALE","mixed","sex, organismQuantity","hidden","EN",1,"3 MALE | 3 FEMALE","",0,"MIXED"
"Tom Trombone","3 UNDETERMINED","UNKNOWN","","sex","hidden","EN",1350,"3 UNDETERMINED","",0,"UNKNOWN"
"Mike Andersen ","30 UNDETERMINED","UNKNOWN","","sex, dynamicProperties","hidden","EN",1,"30 UNDETERMINED","",0,"UNKNOWN"
"Elizabeth Wommack","38 UNDETERMINED","UNKNOWN","","sex, dynamicProperties","hidden","EN",1,"38 UNDETERMINED","",0,"UNKNOWN"
"Mike Andersen ","3MALE","MALE","","sex","hidden","EN",1,"3MALE","",0,"MALE"
"Ildiko Szabo","4 MALE | 1 FEMALE","MALE | FEMALE","mixed","sex, dynamicProperties","hidden","EN",2,"4 MALE | 1 FEMALE","",0,"MIXED"
"Christopher C Witt","4 UNDETERMINED","UNKNOWN","","sex, organismQuantity","hidden","EN",1470,"4 UNDETERMINED","",0,"UNKNOWN"
"Carla Cicero","40 UNDETERMINED","UNKNOWN","","sex, dynamicProperties","hidden","EN",2,"40 UNDETERMINED","",0,"UNKNOWN"
"Rachel Alsheikh","5 MALE | 2 FEMALE","MALE | FEMALE","mixed","sex, organismQuantity","hidden","EN",2,"5 MALE | 2 FEMALE","",0,"MIXED"
"John Bates","5 UNDETERMINED","UNKNOWN","","sex","hidden","EN",756,"5 UNDETERMINED","",0,"UNKNOWN"
"Molly Hagemann","6 UNDETERMINED","UNKNOWN","","sex, dynamicProperties","hidden","EN",254,"6 UNDETERMINED","",0,"UNKNOWN"
"Mark B Robbins","7 UNDETERMINED","UNKNOWN","","sex","hidden","EN",93,"7 UNDETERMINED","",0,"UNKNOWN"
"Irene Engilis","8 UNDETERMINED","UNKNOWN","","sex, dynamicProperties","hidden","EN",63,"8 UNDETERMINED","",0,"UNKNOWN"
"Peter Hosner","9 MALE | 5 FEMALE","MALE | FEMALE","mixed","sex","hidden","EN",1,"9 MALE | 5 FEMALE","",0,"MIXED"
"Elizabeth Wommack","9 UNDETERMINED","UNKNOWN","","sex, dynamicProperties","hidden","EN",46,"9 UNDETERMINED","",0,"UNKNOWN"
"Jessica Tir","AD.","blank","not specified","lifeStage","","EN",9,"AD.","",0,"UNSPECIFIED"
"Paul Robert Sweet","AD.+JUV.","UNKNOWN","","sex, lifeStage","hidden","EN",2,"AD.+JUV.","",0,"UNSPECIFIED"
"Serina Brady","ADULT","blank","not specified","lifeStage","","EN",28,"ADULT","",0,"UNSPECIFIED"
"Molly Hagemann","ASD","blank","not specified","lifeStage","","",1,"ASD","",0,"UNSPECIFIED"
"Mimi Damwyk","BANDO","blank","not specified","sex","hidden","EN",4,"BANDO","",0,"UNSPECIFIED"
"Serina Brady","C","blank","not specified","","","EN",1,"C","",0,"UNSPECIFIED"
"Stephen Rogers","CASAL","","","sex, dynamicProperties","hidden","PT",4,"CASAL","",0,"UNSPECIFIED"
"Jean Woods","COUPLE","MALE | FEMALE","mixed","sex","hidden","EN",495,"COUPLE","",0,"UNSPECIFIED"
"Kelly Cassidy","D","UNKNOWN","","sex","hidden","",4,"D","",0,"UNSPECIFIED"
"Town Peterson","DESCONEGUT","UNKNOWN","","sex","preferred","CA",66,"DESCONEGUT","",0,"UNKNOWN"
"Tamaki Yuri","DESCONOCIDO","UNKNOWN","","sex","preferred","ES",52,"DESCONOCIDO","",0,"UNSPECIFIED"
"Jessica Tir","DOUBTFUL GENDER","UNKNOWN","","sex","hidden","EN",814,"DOUBTFUL GENDER","",0,"UNSPECIFIED"
"Andrew Engilis","E","blank","not specified","sex, dynamicProperties","","",2,"E","",0,"UNSPECIFIED"
"Jessica Tir","F","FEMALE","female","sex","alternate","EN",194269,"F","1",194269,"FEMALE"
"Tonya Haff","F ?","FEMALE","","sex, dynamicProperties","hidden","EN",1,"F ?","",0,"INDETERMINATE"
"Philip Unitt","F F","FEMALE","female","sex","hidden","EN",2,"F F","",0,"FEMALE"
"Town Peterson","F IM.","FEMALE","female","sex, lifeStage","hidden","EN",2,"F IM.","",0,"FEMALE"
"Elizabeth Wommack","F IMAT.","FEMALE","female","sex, lifeStage","hidden","EN",1,"F IMAT.","",0,"FEMALE"
"Tom Trombone","F IMT.","FEMALE","female","sex, lifeStage","hidden","EN",1,"F IMT.","",0,"FEMALE"
"Lesley Kennes","F JOV.","FEMALE","female","sex, lifeStage","hidden","EN",9,"F JOV.","",0,"FEMALE"
"John Bates","F JUV.","FEMALE","female","sex, dynamicProperties","hidden","EN",2,"F JUV.","",0,"FEMALE"
"Philip Unitt","F-GONADS","FEMALE","female","sex, dynamicProperties","hidden","EN",2886,"F-GONADS","",0,"FEMALE"
"Mimi Damwyk","F-PLUMAGE","FEMALE","female","sex, dynamicProperties","hidden","EN",11,"F-PLUMAGE","",0,"FEMALE"
"Andrew Engilis","F-VERIFIED","FEMALE","female","sex, dynamicProperties","hidden","EN",352,"F-VERIFIED","",0,"FEMALE"
"Paul Robert Sweet","F?","FEMALE","indeterminate","sex, dynamicProperties","hidden","EN",3029,"F?","",0,"INDETERMINATE"
"René Corado","F[?]","FEMALE","indeterminate","sex, dynamicProperties","hidden","EN",1,"F[?]","",0,"INDETERMINATE"
"Jessica Tir","F]","FEMALE","female","sex","hidden","EN",483,"F]","",0,"FEMALE"
"Kimball Garrett","F*","FEMALE","female","sex, dynamicProperties","hidden","EN",17,"F*","",0,"FEMALE"
"Kimball Garrett","F/M","MALE | FEMALE","mixed","sex","hidden","EN",1,"F/M","",0,"MIXED"
"Elizabeth Wommack","FÊEMA","FEMALE","female","sex","hidden","PT",1,"FÊEMA","",0,"FEMALE"
"Jeremiah Trimble","FÊMA","FEMALE","female","sex","hidden","PT",1,"FÊMA","",0,"FEMALE"
"Andy Jones","FEMALE","FEMALE","female","sex","preferred","EN",1658728,"FEMALE","1",1658728,"FEMALE"
"Elizabeth Wommack","FEMALE , FEMALE","FEMALE","female","sex","hidden","EN",1,"FEMALE , FEMALE","",0,"FEMALE"
"Erica Krimmel","FEMALE ?","FEMALE","indeterminate","sex, dynamicProperties","hidden","EN",3015,"FEMALE ?","",0,"INDETERMINATE"
"Emily Braker","FEMALE ?;FEMALE ?","FEMALE","indeterminate","sex, dynamicProperties","hidden","EN",1,"FEMALE ?;FEMALE ?","",0,"INDETERMINATE"
"Tom Trombone","FEMALE ?;NOT RECORDED","FEMALE","indeterminate","sex, dynamicProperties","hidden","EN",1,"FEMALE ?;NOT RECORDED","",0,"INDETERMINATE"
"Tamaki Yuri","FEMALE (? - SEE NOTE)/MALE (? - SEE NOTE)","MALE | FEMALE","mixed","sex, dynamicProperties","hidden","EN",1,"FEMALE (? - SEE NOTE)/MALE (? - SEE NOTE)","",0,"INDETERMINATE"
"Philip Unitt","FEMALE (?, SEE NOTE)","FEMALE","indeterminate","sex, dynamicProperties","hidden","EN",1,"FEMALE (?, SEE NOTE)","",0,"INDETERMINATE"
"John Bates","FEMALE (?)","UNKNOWN","","sex","hidden","EN",67,"FEMALE (?)","",0,"INDETERMINATE"
"Angela Hornsby","FEMALE ('MAY BE')","FEMALE","indeterminate","sex, dynamicProperties","hidden","EN",3,"FEMALE ('MAY BE')","",0,"FEMALE"
"Kimball Garrett","FEMALE ('NOT BREEDING' ON LABEL)","FEMALE","female","sex, dynamicProperties","hidden","EN",1,"FEMALE ('NOT BREEDING' ON LABEL)","",0,"FEMALE"
"Mimi Damwyk","FEMALE ('PROBABLY')","FEMALE","female","sex, dynamicProperties","hidden","EN",1,"FEMALE ('PROBABLY')","",0,"FEMALE"
"Tonya Haff","FEMALE (BASED ON FALCONER)","FEMALE","female","sex, dynamicProperties","hidden","EN",1,"FEMALE (BASED ON FALCONER)","",0,"FEMALE"
"Tamaki Yuri","FEMALE (BELIEVED TO BE)","FEMALE","female","sex, dynamicProperties","hidden","EN",1,"FEMALE (BELIEVED TO BE)","",0,"FEMALE"
"Lesley Kennes","FEMALE (BUT SEE NOTES)","FEMALE","female","sex","hidden","EN",3,"FEMALE (BUT SEE NOTES)","",0,"FEMALE"
"Chris Milensky","FEMALE (BY GONADS)","FEMALE","female","sex","hidden","EN",129,"FEMALE (BY GONADS)","",0,"FEMALE"
"Paul Robert Sweet","FEMALE (BY GONADS))","FEMALE","female","sex, dynamicProperties","hidden","EN",1,"FEMALE (BY GONADS))","",0,"FEMALE"
"Jessica Tir","FEMALE (BY PLUMAGE)","FEMALE","female","sex, dynamicProperties","hidden","EN",52,"FEMALE (BY PLUMAGE)","",0,"FEMALE"
"Andrew Engilis","FEMALE (FIDE SCLATER 1888, CAT. BDS. BRIT. MUS., 14 P.66)","FEMALE","female","sex, dynamicProperties","hidden","EN",1,"FEMALE (FIDE SCLATER 1888, CAT. BDS. BRIT. MUS., 14 P.66)","",0,"FEMALE"
"Laura Abraczinskas","FEMALE (FIDE SCLATER, 1888, CAT. BDS. BRIT. MUS., 14 P.66.)","FEMALE","female","sex, dynamicProperties","hidden","EN",1,"FEMALE (FIDE SCLATER, 1888, CAT. BDS. BRIT. MUS., 14 P.66.)","",0,"FEMALE"
"Paul Robert Sweet","FEMALE (IDENTIFIED LATER AS)","FEMALE","female","sex","hidden","EN",1,"FEMALE (IDENTIFIED LATER AS)","",0,"FEMALE"
"Elizabeth Wommack","FEMALE (IN REGISTER)","FEMALE","female","sex, dynamicProperties","hidden","EN",1,"FEMALE (IN REGISTER)","",0,"FEMALE"
"Lesley Kennes","FEMALE (LATER IDENTIFIED AS)","FEMALE","female","sex","hidden","EN",2,"FEMALE (LATER IDENTIFIED AS)","",0,"FEMALE"
"Mike Andersen ","FEMALE (MALE, ON LABEL)","MALE | FEMALE","mixed","sex, dynamicProperties","hidden","EN",1,"FEMALE (MALE, ON LABEL)","",0,"MIXED"
"Angela Hornsby","FEMALE (ON LABEL)","FEMALE","female","sex, dynamicProperties","hidden","EN",42,"FEMALE (ON LABEL)","",0,"FEMALE"
"Elizabeth Wommack","FEMALE (ON LABEL)/MALE (IN TEXT)","FEMALE | MALE","mixed","sex, dynamicProperties","hidden","EN",1,"FEMALE (ON LABEL)/MALE (IN TEXT)","",0,"MIXED"
"Lesley Kennes","FEMALE (ON PLUMAGE)","FEMALE","female","sex","hidden","EN",1,"FEMALE (ON PLUMAGE)","",0,"FEMALE"
"Kelly Cassidy","FEMALE (OR IMMATURE)","FEMALE","female","sex, lifeStage, dynamicProperties","hidden","EN",1,"FEMALE (OR IMMATURE)","",0,"FEMALE"
"Serina Brady","FEMALE (SEE NOTE)","FEMALE","female","sex, dynamicProperties","hidden","EN",2,"FEMALE (SEE NOTE)","",0,"FEMALE"
"Kelly Cassidy","FEMALE (SEE NOTES)","FEMALE","female","sex, dynamicProperties","hidden","EN",2,"FEMALE (SEE NOTES)","",0,"FEMALE"
"Philip Unitt","FEMALE (SUBSEQUENTLY CONSIDERED TO BE MALE)","UNKNOWN","","sex, dynamicProperties","hidden","EN",1,"FEMALE (SUBSEQUENTLY CONSIDERED TO BE MALE)","",0,"MIXED"
"Jean Woods","FEMALE (SUBSEQUENTLY SEXED AS)","FEMALE","female","sex, dynamicProperties","hidden","FR",1,"FEMALE (SUBSEQUENTLY SEXED AS)","",0,"FEMALE"
"Angela Hornsby","FEMALE (WATER-COLOUR DRAWING)","FEMALE","female","sex, preparations","hidden","EN",1,"FEMALE (WATER-COLOUR DRAWING)","",0,"FEMALE"
"Elizabeth Wommack","FEMALE | MALE","FEMALE | MALE","mixed","sex","preferred","EN",5,"FEMALE | MALE","",0,"MIXED"
"Jessica Tir","FEMALE AND JUVENILE","FEMALE","female","sex, lifeStage","hidden","EN",1,"FEMALE AND JUVENILE","",0,"FEMALE"
"Mimi Damwyk","FEMALE FEMALE","FEMALE","female","sex","hidden","EN",111,"FEMALE FEMALE","",0,"FEMALE"
"Mike Andersen ","FEMALE MALE","MALE | FEMALE","mixed","sex, dynamicProperties","hidden","EN",1,"FEMALE MALE","",0,"MIXED"
"Christopher C Witt","FEMALE, [MALE]","FEMALE | MALE","mixed","sex, dynamicProperties","hidden","EN",4,"FEMALE, [MALE]","",0,"MIXED"
"John Bates","FEMALE; BASED ON PLUMAGE","FEMALE","female","sex, dynamicProperties","hidden","EN",1,"FEMALE; BASED ON PLUMAGE","",0,"FEMALE"
"Jeremiah Trimble","FEMALE; FEMALE","FEMALE","female","sex","hidden","EN",206,"FEMALE; FEMALE","",0,"FEMALE"
"Jean Woods","FEMALE; FEMALE ?","FEMALE","female","sex, dynamicProperties","hidden","EN",2,"FEMALE; FEMALE ?","",0,"INDETERMINATE"
"John Bates","FEMALE; MALE","MALE | FEMALE","mixed","sex, dynamicProperties","preferred","EN",8,"FEMALE; MALE","",0,"MIXED"
"Jessica Tir","FEMALE; RECORDED AS UNKNOWN","FEMALE","female","sex, dynamicProperties","hidden","EN",3,"FEMALE; RECORDED AS UNKNOWN","",0,"FEMALE"
"Elizabeth Wommack","FEMALE; UNKNOWN","FEMALE | UNKNOWN","female","sex","preferred","EN",2,"FEMALE; UNKNOWN","",0,"FEMALE"
"Mike Andersen ","FEMALE;FEMALE","FEMALE","female","sex","hidden","EN",69,"FEMALE;FEMALE","",0,"FEMALE"
"John Bates","FEMALE;MALE","MALE | FEMALE","mixed","sex, dynamicProperties","hidden","EN",5,"FEMALE;MALE","",0,"MIXED"
"Laura Abraczinskas","FEMALE;RECORDED AS UNKNOWN","FEMALE | UNKNOWN","female","sex","hidden","EN",11,"FEMALE;RECORDED AS UNKNOWN","",0,"FEMALE"
"Irene Engilis","FEMALE;UNKNOWN","FEMALE","female","sex, dynamicProperties","hidden","EN",6,"FEMALE;UNKNOWN","",0,"FEMALE"
"Irene Engilis","FEMALE?","FEMALE","indeterminate","sex, dynamicProperties","hidden","EN",327,"FEMALE?","",0,"INDETERMINATE"
"Philip Unitt","FEMALE/MALE","UNKNOWN","","sex","hidden","EN",4,"FEMALE/MALE","",0,"MIXED"
"Brett Benz","FEMALE/MALE (ON LABEL)","FEMALE | MALE","mixed","sex, dynamicProperties","hidden","EN",1,"FEMALE/MALE (ON LABEL)","",0,"MIXED"
"Jean Woods","FEMALES","FEMALE","female","sex","hidden","EN",1,"FEMALES","",0,"UNSPECIFIED"
"Jessica Tir","FEMEA","FEMALE","female","sex","hidden","PT",2,"FEMEA","",0,"FEMALE"
"John Bates","FÊMEA","FEMALE","female","sex","preferred","PT",3466,"FÊMEA","",0,"FEMALE"
"Brian Schmidt","FEMELLA","FEMALE","female","sex","hidden","CA",5930,"FEMELLA","",0,"FEMALE"
"Serina Brady","FEMELLA | MASCLE","FEMALE | MALE","mixed","sex, dynamicProperties","preferred","CA",6,"FEMELLA | MASCLE","",0,"MIXED"
"Andrew Engilis","FEMELLE","FEMALE","female","sex","hidden","FR",14207,"FEMELLE","",0,"FEMALE"
"Emily Braker","FEMELLE : ?","FEMALE","indeterminate","sex","hidden","FR",2,"FEMELLE : ?","",0,"INDETERMINATE"
"Serina Brady","FEMELLE : CAT. BARRY","FEMALE","female","sex, dynamicProperties","hidden","FR",1,"FEMELLE : CAT. BARRY","",0,"FEMALE"
"Erick Alejandro García-Trejo","FEMELLE : D'APRÈS LE CAT. BARRY, P. 103","FEMALE","female","sex","hidden","FR",1,"FEMELLE : D'APRÈS LE CAT. BARRY, P. 103","",0,"FEMALE"
"Laura Abraczinskas","FEMELLE : D'APRÈS LE CAT. BARRY, P. 99","FEMALE","female","sex, dynamicProperties","hidden","FR",2,"FEMELLE : D'APRÈS LE CAT. BARRY, P. 99","",0,"FEMALE"
"Kelly Cassidy","FEMELLE : INDIVIDU À GORGE NOIRE.","FEMALE","female","sex, dynamicProperties","hidden","FR",1,"FEMELLE : INDIVIDU À GORGE NOIRE.","",0,"FEMALE"
"Peter Hosner","FEMELLE : NOTÉ FEMELLE","FEMALE","female","sex","hidden","FR",3,"FEMELLE : NOTÉ FEMELLE","",0,"FEMALE"
"Laura Abraczinskas","FEMELLE : ORIGINAL : MÂLE","FEMALE | MALE","mixed","sex, dynamicProperties","hidden","FR",1,"FEMELLE : ORIGINAL : MÂLE","",0,"MIXED"
"Jessica Tir","FEMELLE : OVAIRE NORMAL","FEMALE","female","sex, dynamicProperties","hidden","FR",1,"FEMELLE : OVAIRE NORMAL","",0,"FEMALE"
"Lesley Kennes","FEMELLE : PLUMAGE DE TRANSITION","FEMALE","female","sex","hidden","CA",1,"FEMELLE : PLUMAGE DE TRANSITION","",0,"FEMALE"
"Tonya Haff","FEMELLE : PROBABLEMENT","FEMALE","female","sex, dynamicProperties","hidden","FR",2,"FEMELLE : PROBABLEMENT","",0,"FEMALE"
"Angela Hornsby","FEMELLE : SEXE À CONFIRMER.","FEMALE","female","sex","hidden","FR",1,"FEMELLE : SEXE À CONFIRMER.","",0,"FEMALE"
"Emily Braker","FEMELLE : SEXE INDIQUÉ SUR L'ÉTIQUETTE","FEMALE","female","sex, dynamicProperties","hidden","FR",1,"FEMELLE : SEXE INDIQUÉ SUR L'ÉTIQUETTE","",0,"FEMALE"
"John Bates","FEMELLE ?","FEMALE","indeterminate","sex, dynamicProperties","hidden","FR",166,"FEMELLE ?","",0,"INDETERMINATE"
"Mike Andersen ","FEMELLE (?)","FEMALE","indeterminate","sex, dynamicProperties","hidden","FR",2,"FEMELLE (?)","",0,"INDETERMINATE"
"Andrew Engilis","FEMELLE, OVIDUCTE LÂCHE","FEMALE","female","sex, dynamicProperties","hidden","EN",1,"FEMELLE, OVIDUCTE LÂCHE","",0,"FEMALE"
"Tamaki Yuri","FEMEMNINO","FEMALE","female","sex","hidden","ES",1,"FEMEMNINO","",0,"UNSPECIFIED"
"Laura Abraczinskas","FEMENINA","FEMALE","female","sex","hidden","",117,"FEMENINA","",0,"UNSPECIFIED"
"Lesley Kennes","FEMENINO","FEMALE","female","sex","alternate","ES",850,"FEMENINO","",0,"FEMALE"
"Brian Schmidt","FÊMES","FEMALE","female","sex","hidden","FR",1,"FÊMES","",0,"FEMALE"
"Ildiko Szabo","FÍMEA","FEMALE","female","sex","hidden","PT",466,"FÍMEA","",0,"FEMALE"
"Mike Andersen ","G","blank","not specified","","","",3,"G","",0,"UNSPECIFIED"
"Stephen Rogers","GO","UNKNOWN","","sex","hidden","?",1,"GO","",0,"UNSPECIFIED"
"Irene Engilis","GYNANDROMORPH","ATYPICAL","","sex","alternate","",9,"GYNANDROMORPH","",0,"ATYPICAL"
"Jeremiah Trimble","GYNANDROMORPH;GYNANDROMORPH","ATYPICAL","","sex, dynamicProperties","hidden","EN",2,"GYNANDROMORPH;GYNANDROMORPH","",0,"ATYPICAL"
"Chris Milensky","H","FEMALE","female","sex","hidden","ES",1,"H","",0,"UNSPECIFIED"
"Stephen Rogers","HANE","MALE","","sex","preferred","SV",1264,"HANE","",0,"MALE"
"Jessica Tir","HANE, HONA","MALE | FEMALE","mixed","sex, dynamicProperties","hidden","SV",1,"HANE, HONA","",0,"MALE"
"Stephen Rogers","HATCHLING","blank","not specified","lifeStage","","EN",2,"HATCHLING","",0,"UNSPECIFIED"
"Dianna M. Krejsa","HEMBRA","FEMALE","female","sex","preferred","ES",120673,"HEMBRA","",0,"FEMALE"
"Tom Trombone","HEMBRA Y MACHO","FEMALE | MALE","mixed","sex","hidden","ES",4,"HEMBRA Y MACHO","",0,"MIXED"
"Rachel Alsheikh","HERMAPHRODITE","ATYPICAL","","sex","alternate","EN",9,"HERMAPHRODITE","",0,"ATYPICAL"
"Ildiko Szabo","HMEBRA","FEMALE","female","sex","hidden","ES",1,"HMEBRA","",0,"UNSPECIFIED"
"Mike Andersen ","HONA","FEMALE","female","sex","hidden","SV",759,"HONA","",0,"UNSPECIFIED"
"Emily Braker","HONA, ÅDA","FEMALE","female","sex, dynamicProperties","hidden","SW",1,"HONA, ÅDA","",0,"UNSPECIFIED"
"John Bates","I","UNKNOWN","","sex","hidden","EN",1,"I","",0,"UNSPECIFIED"
"Molly Hagemann","IMMATURE","blank","not specified","lifeStage","","EN",2,"IMMATURE","",0,"UNSPECIFIED"
"Jean Woods","IMT","blank","not specified","lifeStage","","EN",1,"IMT","",0,"UNSPECIFIED"
"Serina Brady","IN QUESTION","UNKNOWN","","sex","hidden","EN",8442,"IN QUESTION","",0,"UNSPECIFIED"
"Jessica Tir","IND.","UNKNOWN","","sex","hidden","EN",4,"IND.","",0,"UNSPECIFIED"
"Elizabeth Wommack","INDEFINIDO","UNKNOWN","","sex","hidden","ES",2,"INDEFINIDO","",0,"UNKNOWN"
"Tonya Haff","INDETERMINABLE","UNKNOWN","","sex","alternate","EN",4015,"INDETERMINABLE","",0,"UNSPECIFIED"
"Peter Hosner","INDETERMINADA","UNKNOWN","","sex","alternate","ES",2,"INDETERMINADA","",0,"UNSPECIFIED"
"Kelly Cassidy","INDETERMINADO","UNKNOWN","","sex","alternate","ES",2445,"INDETERMINADO","",0,"UNSPECIFIED"
"Brian Schmidt","INDETERMINAT","UNKNOWN","","sex","hidden","",196,"INDETERMINAT","",0,"UNSPECIFIED"
"Rachel Alsheikh","INDETERMINATE","UNKNOWN","","sex","alternate","EN",1082,"INDETERMINATE","",0,"UNKNOWN"
"Irene Engilis","INDÉTERMINÉ","UNKNOWN","","sex","hidden","FR",12504,"INDÉTERMINÉ","",0,"UNSPECIFIED"
"Jean Woods","INTERSEX (M&F)","ATYPICAL","","sex","alternate","EN",3,"INTERSEX (M&F)","",0,"MIXED"
"Tamaki Yuri","J","blank","not specified","lifestage","","EN",610,"J","",0,"UNSPECIFIED"
"Serina Brady","JEUNE","blank","not specified","lifeStage","","FR",1,"JEUNE","",0,"UNSPECIFIED"
"Kelly Cassidy","JOV","blank","not specified","lifeStage","","ES",13,"JOV","",0,"UNSPECIFIED"
"Molly Hagemann","JOV.","blank","not specified","lifeStage","","ES",1,"JOV.","",0,"UNSPECIFIED"
"Town Peterson","JUV","blank","not specified","lifeStage","","EN",1,"JUV","",0,"UNSPECIFIED"
"Mike Andersen ","JUV FEMALE","FEMALE","female","sex, lifeStage","hidden","EN",1,"JUV FEMALE","",0,"FEMALE"
"Jessica Tir","JUVENIL","blank","not specified","lifeStage","","ES",2,"JUVENIL","",0,"UNSPECIFIED"
"Erick Alejandro García-Trejo","JUVENILE","UNKNOWN","","sex, lifeStage","hidden","EN",377,"JUVENILE","",0,"UNSPECIFIED"
"Mimi Damwyk","JUVÉNILE","blank","not specified","lifeStage","","FR",1,"JUVÉNILE","",0,"UNSPECIFIED"
"Rachel Alsheikh","K","blank","not specified","","","",1,"K","",0,"UNSPECIFIED"
"Angela Hornsby","L","blank","not specified","","","",1,"L","",0,"UNSPECIFIED"
"Ildiko Szabo","LT 131, EA 140, PESO 6","blank ","not specified","dynamicProperties","","ES",1,"LT 131, EA 140, PESO 6","",0,"UNSPECIFIED"
"Jean Woods","M","MALE","","sex","hidden","EN",280985,"M","1",280985,"MALE"
"Brett Benz","M ?","MALE","","sex, dynamicProperties","hidden","EN",93,"M ?","",0,"INDETERMINATE"
"René Corado","M ? BY PLUMAGE","MALE","","sex, dynamicProperties","hidden","EN",1,"M ? BY PLUMAGE","",0,"INDETERMINATE"
"Chris Milensky","M (BY PLUMAGE)","MALE","","sex, dynamicProperties","hidden","EN",4,"M (BY PLUMAGE)","",0,"MALE"
"Erica Krimmel","M [?]","MALE","","sex, dynamicProperties","hidden","EN",1,"M [?]","",0,"INDETERMINATE"
"Elizabeth Wommack","M [BY PLUMAGE","MALE","","sex, dynamicProperties","hidden","EN",1,"M [BY PLUMAGE","",0,"MALE"
"Carla Cicero","M [F]","MALE | FEMALE","mixed","sex, dynamicProperties","hidden","EN",1,"M [F]","",0,"MIXED"
"John Bates","M ATIVO","MALE","","sex, dynamicProperties","hidden","ES",2,"M ATIVO","",0,"MALE"
"Molly Hagemann","M BY PLUMAGE","MALE","","sex, dynamicProperties","hidden","EN",1,"M BY PLUMAGE","",0,"MALE"
"John Bates","M BY PLUMAGE *","MALE","","sex","hidden","EN",3,"M BY PLUMAGE *","",0,"MALE"
"Angela Hornsby","M BY PLUMMAGE","MALE","","sex, dynamicProperties","hidden","EN",1,"M BY PLUMMAGE","",0,"MALE"
"Elizabeth Wommack","M IMT.","MALE","","sex, lifeStage","hidden","EN",3,"M IMT.","",0,"MALE"
"Carla Cicero","M JOV","MALE","","sex, lifeStage","hidden","EN",3,"M JOV","",0,"MALE"
"Irene Engilis","M JOV.","MALE","","sex, lifeStage","hidden","ES",31,"M JOV.","",0,"MALE"
"Stephen Rogers","M PROB","MALE","","sex, dynamicProperties","hidden","EN",10,"M PROB","",0,"MALE"
"Kimball Garrett","M PROBABLY","MALE","","sex, dynamicProperties","hidden","EN",5,"M PROBABLY","",0,"MALE"
"John Bates","M-GONADS","MALE","","sex, reproductiveCondition","hidden","EN",4386,"M-GONADS","",0,"MALE"
"Erica Krimmel","M-PLUMAGE","MALE","","sex","hidden","EN",16,"M-PLUMAGE","",0,"MALE"
"Angela Hornsby","M-VERIFIED","MALE","","sex","hidden","EN",431,"M-VERIFIED","",0,"MALE"
"Jean Woods","M, F","MALE | FEMALE","mixed","sex","hidden","EN",1,"M, F","",0,"MIXED"
"Carla Cicero","M, SEXED BY PLUMAGE","MALE","","sex, dynamicProperties","hidden","EN",1,"M, SEXED BY PLUMAGE","",0,"MALE"
"Erick Alejandro García-Trejo","M, THIS SPECIMEN IS SEXED ON THE BASIS OF THE NASA","MALE","","sex, dynamicProperties","hidden","EN",2,"M, THIS SPECIMEN IS SEXED ON THE BASIS OF THE NASA","",0,"MALE"
"Angela Hornsby","M,F","MALE | FEMALE","mixed","sex","hidden","EN",1,"M,F","",0,"MIXED"
"Laura Abraczinskas","M?","MALE","","sex, dynamicProperties","hidden","",2063,"M?","",0,"INDETERMINATE"
"Moe Flannery","M? *","MALE","","sex, dynamicProperties","hidden","EN",1,"M? *","",0,"INDETERMINATE"
"Brett Benz","M?*","MALE","","sex, dynamicProperties","hidden","EN",2,"M?*","",0,"INDETERMINATE"
"Philip Unitt","M‚LE","MALE","","sex","hidden","EN, FR",14,"M‚LE","",0,"MALE"
"Chris Milensky","M(?)","MALE","","sex, dynamicProperties","hidden","EN",14,"M(?)","",0,"INDETERMINATE"
"Tom Trombone","M(3)","MALE","","sex, dynamicProperties","hidden","EN",1,"M(3)","",0,"MALE"
"Town Peterson","M]","MALE","","sex","hidden","EN",743,"M]","",0,"MALE"
"Jeremiah Trimble","M*","MALE","","sex, dynamicProperties","hidden","EN",23,"M*","",0,"MALE"
"Moe Flannery","M/F","UNKNOWN","","sex, dynamicProperties","hidden","EN",3,"M/F","",0,"MIXED"
"Angela Hornsby","M+F","MALE | FEMALE","mixed","sex","hidden","EN",3,"M+F","",0,"MIXED"
"Brian Schmidt","M<","MALE","","sex","hidden","EN",1,"M<","",0,"MALE"
"Jean Woods","M=F","ATYPICAL","","sex","hidden","EN",1,"M=F","",0,"MIXED"
"Erick Alejandro García-Trejo","MA","MALE","","sex","hidden","EN",1,"MA","",0,"UNSPECIFIED"
"Ildiko Szabo","MACHO","MALE","","sex","preferred","ES",180951,"MACHO","",0,"MALE"
"Philip Unitt","MACHO INMADURO","MALE","","sex, lifeStage","hidden","ES",1,"MACHO INMADURO","",0,"MALE"
"Jessica Tir","MACHO JUVENIL","MALE","","sex, lifeStage","hidden","ES",1,"MACHO JUVENIL","",0,"MALE"
"Stephen Rogers","MACHO Y HEMBRA","ATYPICAL ","","sex","hidden","ES",1,"MACHO Y HEMBRA","",0,"MIXED"
"Philip Unitt","MACHP","MALE","","sex","hidden","ES",1,"MACHP","",0,"UNSPECIFIED"
"Jeremiah Trimble","MACROCONCH MALE","MALE","","sex, dynamicProperties","hidden","EN",1,"MACROCONCH MALE","",0,"MALE"
"Town Peterson","MAKE","MALE","","sex","hidden","EN",1,"MAKE","",0,"UNSPECIFIED"
"Town Peterson","MALE","MALE","","sex","preferred","EN",2431446,"MALE","1",2431446,"MALE"
"Jean Woods","MÂLE","MALE","","sex","preferred","FR",23088,"MÂLE","",0,"MALE"
"Andrew Engilis","MÂLE : ?","MALE","","sex, dynamicProperties","hidden","FR",6,"MÂLE : ?","",0,"INDETERMINATE"
"Chris Milensky","MÂLE : 2 ANS","MALE","","sex","hidden","FR",1,"MÂLE : 2 ANS","",0,"MALE"
"Kimball Garrett","MÂLE : CAT. BARRY","MALE","","sex, dynamicProperties","hidden","EN",1,"MÂLE : CAT. BARRY","",0,"MALE"
"Emily Braker","MÂLE : D'APRÈS LE CAT. BARRY, P. 103","MALE","","sex, dynamicProperties","hidden","EN",5,"MÂLE : D'APRÈS LE CAT. BARRY, P. 103","",0,"MALE"
"Irene Engilis","MÂLE : D'APRÈS LE CAT. BARRY, P. 106","MALE","","sex, dynamicProperties","hidden","FR",2,"MÂLE : D'APRÈS LE CAT. BARRY, P. 106","",0,"MALE"
"Serina Brady","MÂLE : D'APRÈS LE CAT. BARRY, P. 99","MALE","","sex, dynamicProperties","hidden","FR",3,"MÂLE : D'APRÈS LE CAT. BARRY, P. 99","",0,"MALE"
"Carla Cicero","MÂLE : INTERNUPTIAL","MALE","","sex, dynamicProperties","hidden","EN",2,"MÂLE : INTERNUPTIAL","",0,"MALE"
"Laura Abraczinskas","MÂLE : IRIS BRUN","MALE","","sex, dynamicProperties","hidden","FR",1,"MÂLE : IRIS BRUN","",0,"MALE"
"Emily Braker","MÂLE : NOTÉ MÂLE","MALE","","sex","hidden","FR",1,"MÂLE : NOTÉ MÂLE","",0,"MALE"
"John Bates","MÂLE : PHÉNOTYPE","MALE","","sex","hidden","FR",1,"MÂLE : PHÉNOTYPE","",0,"MALE"
"Jessica Tir","MÂLE : PLUMAGE ASSEZ SOMBRE","MALE","","sex, dynamicProperties","hidden","FR",1,"MÂLE : PLUMAGE ASSEZ SOMBRE","",0,"MALE"
"Paul Robert Sweet","MÂLE : SEXE INDIQUÉ SUR L'ÉTIQUETTE","MALE","","sex","hidden","FR",1,"MÂLE : SEXE INDIQUÉ SUR L'ÉTIQUETTE","",0,"MALE"
"Mike Andersen ","MÂLE : SOUS LE SOCLE","MALE","","sex, dynamicProperties","hidden","FR",1,"MÂLE : SOUS LE SOCLE","",0,"MALE"
"Emily Braker","MÂLE : TESTICULES PETIS","MALE","","sex, dynamicProperties","hidden","FR",1,"MÂLE : TESTICULES PETIS","",0,"MALE"
"Jessica Tir","MALE ?","MALE","","sex, dynamicProperties","hidden","EN",2405,"MALE ?","",0,"INDETERMINATE"
"Philip Unitt","MÂLE ?","MALE","","sex, dynamicProperties","hidden","FR",138,"MÂLE ?","",0,"INDETERMINATE"
"Mimi Damwyk","MALE ?; MALE","MALE","","sex, dynamicProperties","hidden","EN",1,"MALE ?; MALE","",0,"INDETERMINATE"
"Lesley Kennes","MALE ?;MALE","MALE","","sex, dynamicProperties","hidden","EN",1,"MALE ?;MALE","",0,"INDETERMINATE"
"Irene Engilis","MALE ?;MALE ?","MALE","","sex, dynamicProperties","hidden","EN",1,"MALE ?;MALE ?","",0,"INDETERMINATE"
"Tonya Haff","MALE (? - SEE NOTE)","MALE","","sex, dynamicProperties","hidden","EN",2,"MALE (? - SEE NOTE)","",0,"INDETERMINATE"
"Jessica Tir","MALE (? - SEE NOTE)/FEMALE (? - SEE NOTE)","UNKNOWN","","sex, dynamicProperties","hidden","EN",1,"MALE (? - SEE NOTE)/FEMALE (? - SEE NOTE)","",0,"INDETERMINATE"
"Moe Flannery","MALE (?)","MALE","","sex, dynamicProperties","hidden","EN",78,"MALE (?)","",0,"INDETERMINATE"
"Peter Hosner","MÂLE (?)","MALE","","sex","hidden","FR",1,"MÂLE (?)","",0,"INDETERMINATE"
"Andrew Engilis","MALE (?)/FEMALE","UNKNOWN","","sex, dynamicProperties","hidden","EN",1,"MALE (?)/FEMALE","",0,"INDETERMINATE"
"Jessica Tir","MALE ('?MALE' ON LABEL)","MALE","","sex, dynamicProperties","hidden","EN",2,"MALE ('?MALE' ON LABEL)","",0,"INDETERMINATE"
"Laura Abraczinskas","MALE ('PROBABLY')","MALE","","sex, dynamicProperties","hidden","EN",4,"MALE ('PROBABLY')","",0,"MALE"
"Peter Hosner","MALE (BREEDING)","MALE","","sex","hidden","EN",1,"MALE (BREEDING)","",0,"MALE"
"Elizabeth Wommack","MALE (BY GONADS)","MALE","","sex, dynamicProperties","hidden","EN",189,"MALE (BY GONADS)","",0,"MALE"
"Kelly Cassidy","MALE (BY PLUMAGE)","MALE","","sex, dynamicProperties","hidden","EN",121,"MALE (BY PLUMAGE)","",0,"MALE"
"Tonya Haff","MALE (IN TEXT; FEMALE ON LABEL)","MALE | FEMALE","mixed","sex, dynamicProperties","hidden","EN",1,"MALE (IN TEXT; FEMALE ON LABEL)","",0,"MIXED"
"John Bates","MALE (IN TEXT)/FEMALE (ON LABEL)","MALE | FEMALE","mixed","sex, dynamicProperties","hidden","EN",1,"MALE (IN TEXT)/FEMALE (ON LABEL)","",0,"MIXED"
"Ildiko Szabo","MALE (LATER IDENTIFIED AS)","MALE ","","sex","hidden","EN",1,"MALE (LATER IDENTIFIED AS)","",0,"MALE"
"Rachel Alsheikh","MALE (NOT BREEDING)","MALE","","sex, dynamicProperties","hidden","EN",1,"MALE (NOT BREEDING)","",0,"MALE"
"Carla Cicero","MALE (ON LABEL)","MALE","","sex, dynamicProperties","hidden","EN",36,"MALE (ON LABEL)","",0,"MALE"
"Jeremiah Trimble","MALE (ON PLUMAGE)","MALE","","sex, dynamicProperties","hidden","EN",1,"MALE (ON PLUMAGE)","",0,"MALE"
"Peter Hosner","MALE (PLUMAGE)","MALE","","sex","hidden","EN",1,"MALE (PLUMAGE)","",0,"MALE"
"Christopher C Witt","MALE (PRINTED IN ERROR AS FEMALE)","MALE","","sex, dynamicProperties","hidden","EN",1,"MALE (PRINTED IN ERROR AS FEMALE)","",0,"MIXED"
"Chris Milensky","MALE (PROBABLY)","MALE","","sex, dynamicproperties","hidden","EN",1,"MALE (PROBABLY)","",0,"MALE"
"Brian Schmidt","MALE (SEE NOTE)","MALE","","sex, dynamicProperties","hidden","EN",5,"MALE (SEE NOTE)","",0,"MALE"
"Brett Benz","MALE (SEE NOTES)","MALE","","sex, dynamicProperties","hidden","EN",4,"MALE (SEE NOTES)","",0,"MALE"
"Angela Hornsby","MÂLE (SEXAGE DIFFICILE)","MALE","","sex, dynamicProperties","hidden","FR",2,"MÂLE (SEXAGE DIFFICILE)","",0,"MALE"
"Carla Cicero","MALE (SUMMER)","MALE","","sex, dynamicProperties","hidden","EN",1,"MALE (SUMMER)","",0,"MALE"
"Tamaki Yuri","MALE AND A JUVENILE","MALE | UNKNOWN","male","sex, lifestage","hidden","EN",2,"MALE AND A JUVENILE","",0,"MALE"
"Jessica Tir","MALE AND FEMALE","MALE | FEMALE","mixed","sex, dynamicProperties","hidden","EN",117,"MALE AND FEMALE","",0,"MIXED"
"Tamaki Yuri","MALE AND FEMALES","MALE | FEMALE","mixed","sex, dynamicProperties","hidden","EN",3,"MALE AND FEMALES","",0,"MALE"
"René Corado","MALE AND JUVENILE","MALE","","sex","hidden","EN",1,"MALE AND JUVENILE","",0,"MALE"
"René Corado","MÂLE ET FEMELLE","MALE | FEMALE","mixed","sex, dynamicProperties","hidden","FR",2,"MÂLE ET FEMELLE","",0,"MIXED"
"Tom Trombone","MALE FEMALE","MALE | FEMALE","mixed","sex","hidden","EN",10,"MALE FEMALE","",0,"MIXED"
"Tonya Haff","MALE MALE","MALE","","sex, dynamicProperties","hidden","EN",169,"MALE MALE","",0,"MALE"
"Molly Hagemann","MALE, FEMALE AND A JUVENILE","MALE | FEMALE","mixed","sex, dynamicProperties, lifeStage","hidden","EN",29,"MALE, FEMALE AND A JUVENILE","",0,"MIXED"
"Chris Milensky","MALE, FEMALE AND JUVENILE","MALE | FEMALE","mixed","sex, dynamicproperties","hidden","EN",1,"MALE, FEMALE AND JUVENILE","",0,"MIXED"
"Jessica Tir","MALE; FEMALE","MALE | FEMALE","mixed","sex, dynamicProperties","hidden","EN",12,"MALE; FEMALE","",0,"MIXED"
"Erica Krimmel","MALE; FEMALE ?","MALE | FEMALE","mixed","sex, dynamicProperties","hidden","EN",1,"MALE; FEMALE ?","",0,"INDETERMINATE"
"Carla Cicero","MALE; MALE","MALE","","sex","hidden","EN",360,"MALE; MALE","",0,"MALE"
"Town Peterson","MALE; MALE ?","MALE","","sex, dynamicProperties","hidden","EN",1,"MALE; MALE ?","",0,"INDETERMINATE"
"Irene Engilis","MALE; MALE; MALE","MALE","","sex","hidden","EN",1,"MALE; MALE; MALE","",0,"MALE"
"Jean Woods","MALE; UNKNOWN","MALE | UNKNOWN","male","sex, dynamicProperties","hidden","EN",3,"MALE; UNKNOWN","",0,"MALE"
"Brian Schmidt","MALE;;","MALE","","sex","hidden","EN",1,"MALE;;","",0,"MALE"
"Carla Cicero","MALE;FEMALE","MALE | FEMALE","mixed","sex, dynamicProperties","hidden","EN",6,"MALE;FEMALE","",0,"MIXED"
"Stephen Rogers","MALE;MALE","MALE","","sex","hidden","EN",94,"MALE;MALE","",0,"MALE"
"Angela Hornsby","MALE;MALE;MALE","MALE","","sex","hidden","EN",1,"MALE;MALE;MALE","",0,"MALE"
"Mike Andersen ","MALE;NOT RECORDED","MALE","","sex, dynamicProperties","hidden","EN",1,"MALE;NOT RECORDED","",0,"MALE"
"Mike Andersen ","MALE;RECORDED AS UNKNOWN","MALE","","sex, dynamicProperties","hidden","EN",8,"MALE;RECORDED AS UNKNOWN","",0,"MALE"
"Christopher C Witt","MALE;UNKNOWN","MALE | UNKNOWN","male","sex, dynamicProperties","hidden","EN",11,"MALE;UNKNOWN","",0,"MALE"
"Andy Jones","MALE?","MALE","","sex, dynamicProperties","hidden","EN",618,"MALE?","",0,"INDETERMINATE"
"Paul Robert Sweet","MALE(S) & FEMALE(S)","UNKNOWN","","sex, dynamicProperties","hidden","EN",5,"MALE(S) & FEMALE(S)","",0,"MIXED"
"John Bates","MALE(S) AND FEMALE(S)","MALE | FEMALE","mixed","sex, dynamicProperties","hidden","EN",1,"MALE(S) AND FEMALE(S)","",0,"MIXED"
"Erick Alejandro García-Trejo","MALE/FEMALE","MALE | FEMALE","mixed","sex","preferred","EN",6,"MALE/FEMALE","",0,"MIXED"
"John Bates","MALE/FEMALE (IN TEXT)","MALE | FEMALE","mixed","sex, dynamicProperties","hidden","EN",1,"MALE/FEMALE (IN TEXT)","",0,"MIXED"
"Rachel Alsheikh","MALE/FEMALE (LABELLED AS)","UNKNOWN","","sex","hidden","EN",1,"MALE/FEMALE (LABELLED AS)","",0,"MIXED"
"Brian Schmidt","MALE/FEMALE (ON LABEL)","MALE | FEMALE","mixed","sex, dynamicProperties","hidden","EN",2,"MALE/FEMALE (ON LABEL)","",0,"MIXED"
"Brian Schmidt","MALE/FEMALE FEMALE","MALE | FEMALE","mixed","sex, dynamicProperties","hidden","EN",1,"MALE/FEMALE FEMALE","",0,"MIXED"
"Ildiko Szabo","MALE/FEMALE MALE","MALE | FEMALE","mixed","sex, dynamicProperties","hidden","EN",1,"MALE/FEMALE MALE","",0,"MIXED"
"Erick Alejandro García-Trejo","MALES","MALE","","sex","hidden","EN",3,"MALES","",0,"UNSPECIFIED"
"Carla Cicero","MALES AND FEMALE","MALE | FEMALE","mixed","sex, dynamicProperties","hidden","EN",1,"MALES AND FEMALE","",0,"FEMALE"
"Peter Hosner","MALES AND FEMALES","UNKNOWN","","sex","hidden","EN",28,"MALES AND FEMALES","",0,"UNSPECIFIED"
"Erick Alejandro García-Trejo","MALES AND ONE FEMALE","MALE | FEMALE","mixed","sex, dynamicProperties","hidden","EN",1,"MALES AND ONE FEMALE","",0,"FEMALE"
"Christopher C Witt","MALES, FEMALES","MALE | FEMALE","mixed","sex","alternate","EN",2,"MALES, FEMALES","",0,"UNSPECIFIED"
"Peter Hosner","MASCLE","MALE","","sex","preferred","CA",7103,"MASCLE","",0,"MALE"
"Irene Engilis","MASCLE | FEMELLA","MALE | FEMALE","mixed","sex, dynamicProperties","hidden","CA",7,"MASCLE | FEMELLA","",0,"MIXED"
"Town Peterson","MASCLE | INDETERMINABLE","UNKNOWN","","sex","hidden","EN",3,"MASCLE | INDETERMINABLE","",0,"MALE"
"René Corado","MASCLE |FEMELLA","MALE | FEMALE ","mixed","sex, dynamicProperties","hidden","CA",1,"MASCLE |FEMELLA","",0,"MIXED"
"John Bates","MASCULINA","MALE","","sex","hidden","ES",185,"MASCULINA","",0,"UNSPECIFIED"
"Irene Engilis","MASCULINO","MALE","","sex","hidden","ES",1178,"MASCULINO","",0,"MALE"
"Elizabeth Wommack","MF","MALE | FEMALE","mixed","sex","hidden","EN",7,"MF","",0,"UNSPECIFIED"
"Andrew Engilis","MIXED","ATYPICAL","","sex","hidden","EN",33,"MIXED","",0,"ATYPICAL"
"John Bates","N","UNKNOWN","","sex","hidden","EN",20,"N","",0,"UNSPECIFIED"
"Ildiko Szabo","N/A","blank","not specified","sex","","",7,"N/A","",0,"ATYPICAL"
"Mike Andersen ","NO APLICABLE","UNKNOWN","","sex","hidden","ES",775,"NO APLICABLE","",0,"UNSPECIFIED"
"Chris Milensky","NO DATA","UNKNOWN","","sex, dynamicProperties","hidden","EN",2,"NO DATA","",0,"UNSPECIFIED"
"Angela Hornsby","NO DISPONIBLE","UNKNOWN","","sex","alternate","ES",41844,"NO DISPONIBLE","",0,"UNSPECIFIED"
"Rachel Alsheikh","NON  DÉT.","UNKNOWN","","sex","hidden","FR",1,"NON  DÉT.","",0,"UNSPECIFIED"
"René Corado","NON DÉT.","UNKNOWN","","sex","hidden","FR",14,"NON DÉT.","",0,"UNKNOWN"
"René Corado","NOT","UNKNOWN","","sex","hidden","EN",130,"NOT","",0,"UNSPECIFIED"
"Erica Krimmel","NOT DETERMINED","UNKNOWN","","sex","alternate","EN",139,"NOT DETERMINED","",0,"UNSPECIFIED"
"Molly Hagemann","NOT RECORDED","UNKNOWN","","sex","alternate","EN",10420,"NOT RECORDED","",0,"UNSPECIFIED"
"René Corado","NOT RECORDED;FEMALE","UNKNOWN | FEMALE","female","sex","hidden","EN",4,"NOT RECORDED;FEMALE","",0,"FEMALE"
"Mike Andersen ","NOT RECORDED;MALE","MALE","","sex, dynamicProperties","hidden","EN",2,"NOT RECORDED;MALE","",0,"MALE"
"Mimi Damwyk","NOT RECORDED;UNKNOWN","UNKNOWN","","sex","hidden","EN",2,"NOT RECORDED;UNKNOWN","",0,"UNKNOWN"
"Kimball Garrett","O","UNKNOWN","","sex","hidden","EN",2,"O","",0,"UNSPECIFIED"
"Paul Robert Sweet","O?","UNKNOWN","","sex","hidden","",157,"O?","",0,"INDETERMINATE"
"Erica Krimmel","O? FILHOTE","blank","indeterminate","lifeStage","","PT",1,"O? FILHOTE","",0,"INDETERMINATE"
"Tonya Haff","O? JOV.","blank","indeterminate","lifeStage","","ES",1,"O? JOV.","",0,"INDETERMINATE"
"Mike Andersen ","P","blank","not specified","sex, dynamicProperties","","",83,"P","",0,"UNSPECIFIED"
"Christopher C Witt","PLUMAGE D'HIVER","blank","not specified","dynamicProperties","","FR",1,"PLUMAGE D'HIVER","",0,"UNSPECIFIED"
"Jean Woods","PLUMAGE ÉTÉ/NUPTIAL","blank","not specified","lifeStage","","FR",1,"PLUMAGE ÉTÉ/NUPTIAL","",0,"UNSPECIFIED"
"Jean Woods","POSIBLEMENTE HEMBRA","FEMALE","indeterminate","sex, dynamicProperties","hidden","ES",4,"POSIBLEMENTE HEMBRA","",0,"FEMALE"
"Christopher C Witt","POSIBLEMENTE MACHO","MALE","","sex, dynamicProperties","hidden","ES",1,"POSIBLEMENTE MACHO","",0,"MALE"
"Stephen Rogers","PROBABLY FEMALE (JUDGING FROM WING LENGTH)","FEMALE","female","sex, dynamicProperties","hidden","EN",1,"PROBABLY FEMALE (JUDGING FROM WING LENGTH)","",0,"FEMALE"
"Irene Engilis","PUPPY","blank","not specified","lifeStage","","EN",1,"PUPPY","",0,"UNSPECIFIED"
"Emily Braker","RECORDED AS UNKNOWN","UNKNOWN","","sex","hidden","EN",4125,"RECORDED AS UNKNOWN","",0,"UNKNOWN"
"John Bates","RECORDED AS UNKNOWN; FEMALE","FEMALE","female","sex","hidden","EN",1,"RECORDED AS UNKNOWN; FEMALE","",0,"FEMALE"
"Town Peterson","RECORDED AS UNKNOWN; MALE","UNKNOWN","","sex, dynamicProperties","hidden","EN",1,"RECORDED AS UNKNOWN; MALE","",0,"MALE"
"Brett Benz","RECORDED AS UNKNOWN;FEMALE","UNKNOWN | FEMALE","female","sex, dynamicProperties","hidden","EN",9,"RECORDED AS UNKNOWN;FEMALE","",0,"FEMALE"
"Jean Woods","RECORDED AS UNKNOWN;MALE","UNKNOWN | MALE","male","sex, dynamicProperties","hidden","EN",7,"RECORDED AS UNKNOWN;MALE","",0,"MALE"
"Tonya Haff","RECORDED AS UNKNOWN;RECORDED AS UNKNOWN","UNKNOWN","","sex","hidden","EN",5,"RECORDED AS UNKNOWN;RECORDED AS UNKNOWN","",0,"UNKNOWN"
"Jessica Tir","RECORDED AS UNKNOWN;UNKNOWN","UNKNOWN","","sex","hidden","EN",7,"RECORDED AS UNKNOWN;UNKNOWN","",0,"UNKNOWN"
"Tonya Haff","S","blank","not specified","","","EN",17,"S","",0,"UNSPECIFIED"
"Peter Hosner","SEX UNKNOWN","UNKNOWN","","sex","hidden","EN",230,"SEX UNKNOWN","",0,"UNKNOWN"
"Stephen Rogers","SEX?","UNKNOWN","","sex","hidden","EN",1,"SEX?","",0,"INDETERMINATE"
"Jean Woods","SEXE : FEMELLE","FEMALE","female","sex","hidden","FR",41,"SEXE : FEMELLE","",0,"FEMALE"
"Jessica Tir","SEXE : MÂLE","MALE","","sex","hidden","FR",87,"SEXE : MÂLE","",0,"MALE"
"Jean Woods","SEXE INDÉTERMINÉ","UNKNOWN","","sex","hidden","FR",402,"SEXE INDÉTERMINÉ","",0,"UNSPECIFIED"
"Ildiko Szabo","SEXE INDÉTERMINÉ : NOTÉ FEMELLE","FEMALE","female","sex","hidden","FR",49,"SEXE INDÉTERMINÉ : NOTÉ FEMELLE","",0,"FEMALE"
"Jean Woods","SEXE INDÉTERMINÉ : NOTÉ FEMELLE MAIS CE N'EST PAS ÉVIDENT","FEMALE","female","sex, dynamicProperties","hidden","FR",1,"SEXE INDÉTERMINÉ : NOTÉ FEMELLE MAIS CE N'EST PAS ÉVIDENT","",0,"FEMALE"
"Christopher C Witt","SEXE INDÉTERMINÉ : NOTÉ MÂLE","MALE","","sex, dynamicProperties","hidden","FR",101,"SEXE INDÉTERMINÉ : NOTÉ MÂLE","",0,"MALE"
"Brett Benz","SEXE INDÉTERMINÉ : NOTÉE FEMELLE","UNKNOWN | FEMALE","female","sex, dynamicProperties","hidden","FR",1,"SEXE INDÉTERMINÉ : NOTÉE FEMELLE","",0,"FEMALE"
"Irene Engilis","TESTES 9 X 7 MM","MALE","","sex, dynamicProperties","hidden","EN",1,"TESTES 9 X 7 MM","",0,"MALE"
"Erick Alejandro García-Trejo","U","UNKNOWN","","sex, dynamicProperties","hidden","EN",17937,"U","",0,"UNKNOWN"
"Erica Krimmel","U?","UNKNOWN","","sex","hidden","EN",4,"U?","",0,"INDETERMINATE"
"Jeremiah Trimble","UNDETERMINED","UNKNOWN","","sex","alternate","EN",6099,"UNDETERMINED","",0,"UNKNOWN"
"Tom Trombone","UNKNOW","UNKNOWN","","sex","hidden","EN",99,"UNKNOW","",0,"UNKNOWN"
"Tamaki Yuri","UNKNOWN","UNKNOWN","","sex","preferred","EN",288679,"UNKNOWN","",0,"UNKNOWN"
"Andrew Engilis","UNKNOWN; FEMALE","FEMALE","female","sex, dynamicProperties","hidden","EN",1,"UNKNOWN; FEMALE","",0,"FEMALE"
"Jean Woods","UNKNOWN;FEMALE","UNKNOWN | FEMALE","female","sex","preferred","EN",6,"UNKNOWN;FEMALE","",0,"FEMALE"
"Molly Hagemann","UNKNOWN;FEMALE ?","UNKNOWN | FEMALE","female","sex, dynamicProperties","hidden","EN",1,"UNKNOWN;FEMALE ?","",0,"INDETERMINATE"
"Brian Schmidt","UNKNOWN;MALE","UNKNOWN | MALE","male","sex, dynamicProperties","hidden","EN",2,"UNKNOWN;MALE","",0,"MALE"
"Irene Engilis","UNKNOWN;MALE ?","MALE","","sex, dynamicProperties","hidden","EN",1,"UNKNOWN;MALE ?","",0,"INDETERMINATE"
"Moe Flannery","UNKNOWN;RECORDED AS UNKNOWN","UNKNOWN","","sex","hidden","EN",9,"UNKNOWN;RECORDED AS UNKNOWN","",0,"UNKNOWN"
"Angela Hornsby","UNKNOWN;UNKNOWN","UNKNOWN","","sex","hidden","ES",7,"UNKNOWN;UNKNOWN","",0,"UNKNOWN"
"Moe Flannery","UNKOWN","UNKNOWN","","sex","hidden","EN",1,"UNKOWN","",0,"UNSPECIFIED"
"Elizabeth Wommack","UNSEXED","UNKNOWN","","sex","hidden","EN",4792,"UNSEXED","",0,"UNKNOWN"
"Molly Hagemann","W","blank","not specified","sex","hidden","",3,"W","",0,"UNSPECIFIED"
"Jessica Tir","X","UNKNOWN","","sex","hidden","EN",1,"X","",0,"UNSPECIFIED"
"Moe Flannery","유조","blank","not specified","","","",2,"유조","",0,"UNSPECIFIED"
"","","","","","","",5386902,NA,"",4565428,"blank"
"","","","","","","",210,NA,"",NA,"blank"
"","","","","","","",430125,NA,"",NA,"blank"
"","","","","","","",0.920114567,NA,"",0.784810383,"blank"
"","","","","","","",NA,NA,"total",NA,"blank"
